case_id,scenario,started,ended,status,failure_class,failed_stage,condition_ok,candidate_count,target_count,all_target_pass_counts_one,assignment_unique,exact_match_all_targets,controlled_markers_all_targets,wrong_secret_controls_all_pass,complete_offline_recovery,elapsed_seconds,dump_apparent_bytes,dump_allocated_bytes
TLS13-EXT-CONCURRENCY-20260929-A-001,concurrency,2026-09-29T17:00:13.209992+00:00,2026-09-29T17:01:08.470606+00:00,success,,,True,16,4,True,True,True,True,True,True,55.26064827712253,9239275624,346578944
TLS13-EXT-CONCURRENCY-20260929-A-002,concurrency,2026-09-29T17:10:14.090779+00:00,2026-09-29T17:11:14.791257+00:00,success,,,True,16,4,True,True,True,True,True,True,60.70051553705707,9230492000,339177472
TLS13-EXT-CONCURRENCY-20260929-A-003,concurrency,2026-09-29T17:20:14.384764+00:00,2026-09-29T17:21:18.637597+00:00,success,,,True,16,4,True,True,True,True,True,True,64.25287113897502,9214450264,320532480
TLS13-EXT-CONCURRENCY-20260929-A-004,concurrency,2026-09-29T17:30:15.203083+00:00,2026-09-29T17:31:36.596735+00:00,success,,,True,16,4,True,True,True,True,True,True,81.39368417812511,9233972144,336818176
TLS13-EXT-CONCURRENCY-20260929-A-005,concurrency,2026-09-29T17:40:16.184267+00:00,2026-09-29T17:41:08.267986+00:00,success,,,True,16,4,True,True,True,True,True,True,52.083767684176564,9250215160,352051200
TLS13-EXT-CONCURRENCY-20260929-A-006,concurrency,2026-09-29T17:50:16.851076+00:00,2026-09-29T17:51:13.413460+00:00,success,,,True,16,4,True,True,True,True,True,True,56.5624182051979,9228544184,333950976
TLS13-EXT-CONCURRENCY-20260929-A-007,concurrency,2026-09-29T18:00:17.085106+00:00,2026-09-29T18:01:14.968301+00:00,success,,,True,20,4,True,True,True,True,True,True,57.8832361260429,9242267480,346963968
TLS13-EXT-CONCURRENCY-20260929-A-008,concurrency,2026-09-29T18:10:17.589851+00:00,2026-09-29T18:11:12.917092+00:00,success,,,True,19,4,True,True,True,True,True,True,55.327282027341425,9240225696,345604096
TLS13-EXT-CONCURRENCY-20260929-A-009,concurrency,2026-09-29T18:20:18.488403+00:00,2026-09-29T18:21:17.441503+00:00,success,,,True,18,4,True,True,True,True,True,True,58.95313705783337,9199403048,301006848
TLS13-EXT-CONCURRENCY-20260929-A-010,concurrency,2026-09-29T18:30:19.016873+00:00,2026-09-29T18:31:12.293953+00:00,success,,,True,19,4,True,True,True,True,True,True,53.277119578327984,9240301792,349057024
TLS13-EXT-CONCURRENCY-20260929-A-011,concurrency,2026-09-29T18:40:19.890893+00:00,2026-09-29T18:41:18.883275+00:00,success,,,True,19,4,True,True,True,True,True,True,58.99242175417021,9249474296,348405760
TLS13-EXT-CONCURRENCY-20260929-A-012,concurrency,2026-09-29T18:50:20.462170+00:00,2026-09-29T18:51:14.906879+00:00,success,,,True,16,4,True,True,True,True,True,True,54.4447515020147,9254010256,359092224
TLS13-EXT-CONCURRENCY-20260929-A-013,concurrency,2026-09-29T19:00:21.490143+00:00,2026-09-29T19:02:07.429384+00:00,success,,,True,20,4,True,True,True,True,True,True,105.93927781516686,9243591600,346120192
TLS13-EXT-CONCURRENCY-20260929-A-014,concurrency,2026-09-29T19:10:21.991443+00:00,2026-09-29T19:11:25.429418+00:00,success,,,True,16,4,True,True,True,True,True,True,63.438008017838,9208852592,316792832
TLS13-EXT-CONCURRENCY-20260929-A-015,concurrency,2026-09-29T19:20:23.019871+00:00,2026-09-29T19:21:15.139594+00:00,success,,,True,19,4,True,True,True,True,True,True,52.11975742504001,9247624480,353267712
TLS13-EXT-CONCURRENCY-20260929-A-016,concurrency,2026-09-29T19:30:23.736476+00:00,2026-09-29T19:31:16.749393+00:00,success,,,True,16,4,True,True,True,True,True,True,53.01295568374917,9229415232,334143488
TLS13-EXT-CONCURRENCY-20260929-A-017,concurrency,2026-09-29T19:40:24.369335+00:00,2026-09-29T19:41:15.439172+00:00,success,,,True,19,4,True,True,True,True,True,True,51.06987180188298,9223182936,326791168
TLS13-EXT-CONCURRENCY-20260929-A-018,concurrency,2026-09-29T19:50:25.049895+00:00,2026-09-29T19:51:17.197310+00:00,success,,,True,19,4,True,True,True,True,True,True,52.14745184313506,9244542888,344866816
TLS13-EXT-CONCURRENCY-20260929-A-019,concurrency,2026-09-29T20:00:25.803434+00:00,2026-09-29T20:01:32.462011+00:00,success,,,True,20,4,True,True,True,True,True,True,66.65861156722531,9216345824,323006464
TLS13-EXT-CONCURRENCY-20260929-A-020,concurrency,2026-09-29T20:10:26.052665+00:00,2026-09-29T20:11:27.143511+00:00,success,,,True,16,4,True,True,True,True,True,True,61.09087842795998,9241411568,348471296
