case_id,started,ended,status,failed_stage,candidate_count,top_tie_count,packet_pass_count,reference_in_candidate_set,selected_exact_match,complete_offline_recovery,elapsed_seconds,dump_apparent_bytes,dump_allocated_bytes
TLS12-REPEAT-20260928-B-001,2026-09-27T19:18:44.428522+00:00,2026-09-27T19:19:34.127521+00:00,success,,5,5,1,True,True,True,49.69903875887394,9193840056,303140864
TLS12-REPEAT-20260928-B-002,2026-09-27T19:28:44.586869+00:00,2026-09-27T19:29:32.206801+00:00,success,,4,4,1,True,True,True,47.61997152585536,9188693520,290988032
TLS12-REPEAT-20260928-B-003,2026-09-27T19:38:44.694364+00:00,2026-09-27T19:39:30.211587+00:00,success,,5,5,1,True,True,True,45.51725947391242,9199672992,306794496
TLS12-REPEAT-20260928-B-004,2026-09-27T19:48:45.687259+00:00,2026-09-27T19:49:31.493080+00:00,success,,5,5,1,True,True,True,45.80585691565648,9188246376,298405888
TLS12-REPEAT-20260928-B-005,2026-09-27T19:58:45.955937+00:00,2026-09-27T20:00:00.743526+00:00,success,,4,4,1,True,True,True,74.78763071587309,9186865576,294146048
TLS12-REPEAT-20260928-B-006,2026-09-27T20:08:46.244593+00:00,2026-09-27T20:09:31.710261+00:00,success,,5,5,1,True,True,True,45.4657090799883,9183987696,292745216
TLS12-REPEAT-20260928-B-007,2026-09-27T20:18:47.167850+00:00,2026-09-27T20:19:39.144082+00:00,success,,5,5,1,True,True,True,51.97627022769302,9183731296,292360192
TLS12-REPEAT-20260928-B-008,2026-09-27T20:28:47.611354+00:00,2026-09-27T20:29:33.125993+00:00,success,,5,5,1,True,True,True,45.51467471430078,9183726840,293056512
TLS12-REPEAT-20260928-B-009,2026-09-27T20:38:48.566149+00:00,2026-09-27T20:39:34.114767+00:00,success,,5,5,1,True,True,True,45.548671716824174,9188945864,295342080
TLS12-REPEAT-20260928-B-010,2026-09-27T20:48:49.554904+00:00,2026-09-27T20:50:03.315880+00:00,success,,5,5,1,True,True,True,73.76101440796629,9182383880,290398208
TLS12-REPEAT-20260928-B-011,2026-09-27T20:58:49.774181+00:00,2026-09-27T20:59:40.840539+00:00,success,,5,5,1,True,True,True,51.066391515079886,9182097072,288227328
TLS12-REPEAT-20260928-B-012,2026-09-27T21:08:50.278326+00:00,2026-09-27T21:09:36.977301+00:00,success,,5,5,1,True,True,True,46.69901028741151,9193427128,300716032
TLS12-REPEAT-20260928-B-013,2026-09-27T21:18:50.442511+00:00,2026-09-27T21:19:38.385512+00:00,success,,5,4,1,True,True,True,47.943041822407395,9198299280,303689728
TLS12-REPEAT-20260928-B-014,2026-09-27T21:28:50.880901+00:00,2026-09-27T21:29:37.566816+00:00,success,,4,4,1,True,True,True,46.68595262710005,9185263400,293093376
TLS12-REPEAT-20260928-B-015,2026-09-27T21:38:51.034172+00:00,2026-09-27T21:39:37.652156+00:00,success,,5,5,1,True,True,True,46.618022948969156,9184775416,293015552
TLS12-REPEAT-20260928-B-016,2026-09-27T21:48:51.128895+00:00,2026-09-27T21:49:49.762577+00:00,success,,5,5,1,True,True,True,58.63371916208416,9187638312,294252544
TLS12-REPEAT-20260928-B-017,2026-09-27T21:58:52.206922+00:00,2026-09-27T21:59:50.971497+00:00,success,,4,4,1,True,True,True,58.76461060997099,9187759368,295829504
TLS12-REPEAT-20260928-B-018,2026-09-27T22:08:52.433106+00:00,2026-09-27T22:09:38.067488+00:00,success,,5,5,1,True,True,True,45.63441866636276,9186893408,296095744
TLS12-REPEAT-20260928-B-019,2026-09-27T22:18:52.556051+00:00,2026-09-27T22:19:41.408146+00:00,success,,5,5,1,True,True,True,48.85213055415079,9186073416,291745792
