case_id,started,ended,status,failed_stage,candidate_count,cipher,client_packet_pass_count,server_packet_pass_count,client_exact_match,server_exact_match,complete_offline_recovery,elapsed_seconds,dump_apparent_bytes,dump_allocated_bytes
TLS13-REPEAT-20260928-A-001,2026-09-28T11:15:00.707664+00:00,2026-09-28T11:16:18.159758+00:00,success,,10,TLS_AES_256_GCM_SHA384,1,1,True,True,True,77.45213054306805,9195092704,304730112
TLS13-REPEAT-20260928-A-002,2026-09-28T11:25:01.636284+00:00,2026-09-28T11:25:51.924169+00:00,success,,10,TLS_AES_256_GCM_SHA384,1,1,True,True,True,50.2879240559414,9182696688,293466112
TLS13-REPEAT-20260928-A-003,2026-09-28T11:35:02.396153+00:00,2026-09-28T11:36:21.142754+00:00,success,,9,TLS_AES_256_GCM_SHA384,1,1,True,True,True,78.74663727171719,9183235480,290205696
TLS13-REPEAT-20260928-A-004,2026-09-28T11:45:02.639865+00:00,2026-09-28T11:45:55.141430+00:00,success,,9,TLS_AES_256_GCM_SHA384,1,1,True,True,True,52.5016030902043,9197156656,305479680
TLS13-REPEAT-20260928-A-005,2026-09-28T11:55:03.614521+00:00,2026-09-28T11:55:53.742551+00:00,success,,10,TLS_AES_256_GCM_SHA384,1,1,True,True,True,50.12806806107983,9191670896,301010944
TLS13-REPEAT-20260928-A-006,2026-09-28T12:05:04.194246+00:00,2026-09-28T12:05:53.349056+00:00,success,,10,TLS_AES_256_GCM_SHA384,1,1,True,True,True,49.15484659699723,9191184560,300359680
TLS13-REPEAT-20260928-A-007,2026-09-28T12:15:04.791661+00:00,2026-09-28T12:15:54.873993+00:00,success,,10,TLS_AES_256_GCM_SHA384,1,1,True,True,True,50.08236650004983,9185524896,288415744
TLS13-REPEAT-20260928-A-008,2026-09-28T12:25:05.328598+00:00,2026-09-28T12:25:55.492828+00:00,success,,10,TLS_AES_256_GCM_SHA384,1,1,True,True,True,50.164265842176974,9183730440,291213312
TLS13-REPEAT-20260928-A-009,2026-09-28T12:35:05.966821+00:00,2026-09-28T12:35:56.081195+00:00,success,,10,TLS_AES_256_GCM_SHA384,1,1,True,True,True,50.114452828187495,9190377048,298561536
TLS13-REPEAT-20260928-A-010,2026-09-28T12:45:06.604333+00:00,2026-09-28T12:45:56.850010+00:00,success,,10,TLS_AES_256_GCM_SHA384,1,1,True,True,True,50.24571251589805,9182402904,290443264
TLS13-REPEAT-20260928-A-011,2026-09-28T12:55:07.320187+00:00,2026-09-28T12:56:02.328312+00:00,success,,10,TLS_AES_256_GCM_SHA384,1,1,True,True,True,55.00816484261304,9185071976,291397632
TLS13-REPEAT-20260928-A-012,2026-09-28T13:05:07.806880+00:00,2026-09-28T13:05:59.241695+00:00,success,,10,TLS_AES_256_GCM_SHA384,1,1,True,True,True,51.434853746090084,9184285784,291815424
TLS13-REPEAT-20260928-A-013,2026-09-28T13:15:08.721247+00:00,2026-09-28T13:16:07.606883+00:00,success,,10,TLS_AES_256_GCM_SHA384,1,1,True,True,True,58.88567291200161,9188842168,294547456
TLS13-REPEAT-20260928-A-014,2026-09-28T13:25:09.069292+00:00,2026-09-28T13:26:02.603314+00:00,success,,9,TLS_AES_256_GCM_SHA384,1,1,True,True,True,53.534079264849424,9180583768,289177600
TLS13-REPEAT-20260928-A-015,2026-09-28T13:35:10.087241+00:00,2026-09-28T13:36:04.853322+00:00,success,,10,TLS_AES_256_GCM_SHA384,1,1,True,True,True,54.76611894881353,9186212272,295481344
TLS13-REPEAT-20260928-A-016,2026-09-28T13:45:10.327642+00:00,2026-09-28T13:46:11.617308+00:00,success,,10,TLS_AES_256_GCM_SHA384,1,1,True,True,True,61.28970253420994,9201155472,305590272
TLS13-REPEAT-20260928-A-017,2026-09-28T13:55:11.120721+00:00,2026-09-28T13:56:01.523444+00:00,success,,10,TLS_AES_256_GCM_SHA384,1,1,True,True,True,50.40275974245742,9191070608,299180032
TLS13-REPEAT-20260928-A-018,2026-09-28T14:05:12.023999+00:00,2026-09-28T14:06:03.469503+00:00,success,,9,TLS_AES_256_GCM_SHA384,1,1,True,True,True,51.44553723093122,9184769384,292237312
TLS13-REPEAT-20260928-A-019,2026-09-28T14:15:12.961216+00:00,2026-09-28T14:16:03.546766+00:00,success,,10,TLS_AES_256_GCM_SHA384,1,1,True,True,True,50.58560163201764,9189524448,296697856
TLS13-REPEAT-20260928-A-020,2026-09-28T14:25:13.077984+00:00,2026-09-28T14:26:03.630790+00:00,success,,10,TLS_AES_256_GCM_SHA384,1,1,True,True,True,50.55284547805786,9188498720,296263680
